near_uid	far_uid	old_name	new_name	sha256_before	sha256_after	status
134	400	1770674733.1073681_134.hamsa,U=134:2,	1770674733.1073681_134.hamsa:2,	4e085df17f32e696e84a8dd585e423a4c3e74c98dc395de5fe92137ae0737fcb	4e085df17f32e696e84a8dd585e423a4c3e74c98dc395de5fe92137ae0737fcb	OK
478	1518	1770674759.1073681_478.hamsa,U=478:2,	1770674759.1073681_478.hamsa:2,	7304b582e5acf863008a986c581a84f1e879fea24d0cc8f90017a45f9d70c1f9	7304b582e5acf863008a986c581a84f1e879fea24d0cc8f90017a45f9d70c1f9	OK
629	2077	1770674767.1073681_629.hamsa,U=629:2,	1770674767.1073681_629.hamsa:2,	e4a99db9ac821402023f95d0f389b0e9d8cb5837110bba9e7677e9f0532c4c5c	e4a99db9ac821402023f95d0f389b0e9d8cb5837110bba9e7677e9f0532c4c5c	OK
1511	6413	1770674871.1073681_1511.hamsa,U=1511:2,	1770674871.1073681_1511.hamsa:2,	f3b8e7f36401a27fb5be159e476b32c6d0a6a262658653206f12aff0484b2a51	f3b8e7f36401a27fb5be159e476b32c6d0a6a262658653206f12aff0484b2a51	OK
3803	25068	1770677020.1089134_1563.hamsa,U=3803:2,	1770677020.1089134_1563.hamsa:2,	9f5b8ccba51e7b01e23e1c07619e53f2efcac88735a73d447c3cc54467395d62	9f5b8ccba51e7b01e23e1c07619e53f2efcac88735a73d447c3cc54467395d62	OK
3888	25873	1770677022.1089134_1648.hamsa,U=3888:2,F	1770677022.1089134_1648.hamsa:2,F	69951249a53595686a78ab713da47f0c64cfe93efd290b79903f4d2501fe3eb4	69951249a53595686a78ab713da47f0c64cfe93efd290b79903f4d2501fe3eb4	OK
